text,x,y,w,h
Products,15,15,62,16
Services Goals,91,14,102,18
One,251,55,32,14
Principle,253,73,62,16
Client,83,89,44,16
Satisfaction,63,109,82,16
Treatment,246,124,75,20
Time Principle,237,145,96,16
Financial Goals,15,231,108,16
Occupancy,240,270,89,18
Principle,253,289,62,16
Costs Goal,67,305,76,16
Licence,255,343,58,14
Principle,253,361,62,16
ICT-Goals,13,471,68,16
Component,241,511,88,16
Principle,253,529,62,16
TCO Goal,69,545,72,16
Infrastructure,237,583,94,14
Principle,253,601,62,16
Stop,280,50,40,23
