source_text,source_type,relation_type,target_text,target_type
Asset,business_process,flow,Contracting,business_process
Asset,business_process,flow,Contracting,business_process
Financial,business_process,flow,iremrtte,unknown
Intermediar,grouping,access,Intermediar,grouping
iremrtte,unknown,flow,iremrtte,unknown
Handling,business_process,serving,Financial,business_process
cusomerimomaior,unknown,flow,Intermediar,grouping
Intermediary,application_function,serving,Relaticnc,application_function
Financial,business_process,flow,Claims,application_function
Financial,business_process,realization,Financial,business_process
Bank,grouping,triggering,Bank,grouping
iremrtte,unknown,serving,Heims,grouping
Intermediary,application_function,composition,Relaticnc,application_function
Handling,business_process,triggering,#inio,unknown
iremrtte,unknown,access,Heims,grouping
iremrtte,unknown,triggering,Heims,grouping
Customer,application_function,composition,Customer,application_function
Contracting,business_process,assignment,Contracting,business_process
Intermediary,application_function,serving,Intermediar,grouping
Customer,application_function,assignment,Customer,application_function
