text,x,y,w,h
Intermediar,29,17,84,16
Customer,641,17,70,16
Insurer,347,109,48,14
Heims,558,112,32,8
Maintaining,236,126,87,19
Maintaining,416,126,87,21
Intermediary,235,147,92,16
Customer,427,147,68,16
Relaticnc,250,168,62,8
iremrtte,536,184,46,8
cusomerimomaior,290,194,98,8
Contracting,238,246,85,19
Claims,437,249,48,14
Handling,426,265,67,20
#inio,339,325,32,14
Customer':,639,349,76,14
Asset,263,369,36,14
Financial,427,367,68,16
Bank,657,367,38,16
Management,230,386,101,20
Handling,426,385,67,20
