text,x,y,w,h
Claim,189,27,44,14
Damage,367,23,67,24
Form,193,45,36,16
Claim,379,45,44,16
createl update read,267,105,152,16
crua,465,107,34,14
Handle Claim,441,147,98,16
Register,213,167,56,18
Accept,373,169,56,16
Valuate,541,167,58,16
Pay,717,167,28,18
Damage,39,179,64,16
createliupdate,185,251,112,16
read,303,251,36,14
redc,411,253,36,16
ppdate,458,249,57,19
update,703,247,56,16
Customer File,683,305,94,14
Customer File,193,313,94,16
Insurance,423,313,70,14
Policy,437,331,44,16
Close Contract,403,387,106,16
Request,40,416,61,20
Formalise,217,417,66,16
Create,441,417,50,16
Check and (D,613,413,98,20
tor,59,439,22,14
Request,221,437,60,16
Contract,433,437,64,16
Sign,639,437,32,18
Inci Irance,36,458,66,8
Ontract,632,458,50,8
Negotiation,209,507,84,18
Insurer,441,509,48,14
Intermediar,359,597,84,16
Customer,217,657,68,16
Contractin,615,657,78,16
