source_text,source_type,relation_type,target_text,target_type
Handle Claim,business_process,triggering,Handle Claim,business_process
Contract,business_process,triggering,Contract,business_process
Contract,business_process,triggering,Sign,business_process
Valuate,business_process,triggering,Pay,business_process
Claim,business_object,realization,createl update read,unknown
Contract,business_process,serving,Contract,business_process
read,unknown,triggering,Accept,business_process
Damage,business_process,triggering,Register,business_process
Negotiation,business_role,aggregation,Negotiation,business_role
Customer,business_actor,serving,Request,business_process
tor,business_process,triggering,Request,business_process
Contractin,business_role,aggregation,Contractin,business_role
Damage,business_process,access,Damage,business_process
Contract,business_process,association,Contract,business_process
Negotiation,business_role,realization,Negotiation,business_role
Request,business_process,flow,Request,business_process
Contractin,business_role,realization,Contractin,business_role
Contractin,business_role,serving,Ontract,business_process
Claim,business_object,access,Damage,business_process
Accept,business_process,serving,read,unknown
Insurer,business_role,association,Insurer,business_role
tor,business_process,serving,Inci Irance,business_process
Accept,business_process,serving,read,unknown
read,unknown,realization,read,unknown
Accept,business_process,flow,read,unknown
Insurer,business_role,flow,Insurer,business_role
Customer File,data_object,access,read,unknown
Pay,business_process,serving,update,unknown
Sign,business_process,assignment,Ontract,business_process
tor,business_process,association,tor,business_process
Register,business_process,flow,Register,business_process
Customer File,data_object,access,read,unknown
Create,business_process,association,Create,business_process
