text,x,y,w,h
Customer,355,27,68,14
Customer File,33,127,92,14
Customer File,341,127,94,14
Damage Claim,494,125,109,19
Data,59,145,38,16
Data,529,145,38,16
Insurance,43,227,70,14
Insurance,193,227,70,14
Insurance,353,227,70,14
Damage Claim,494,226,109,18
Claim Form,669,227,80,14
Request Data,29,245,98,16
Request,199,245,60,16
Policy,367,245,44,16
Travel,15,327,44,14
Insurance,63,327,70,14
Car Insurance,169,327,100,14
Home Insurance,331,327,116,14
Liability,515,327,56,16
Legal aid,667,327,68,16
Policy,53,345,44,16
Policy,197,345,44,16
Policy,367,345,44,16
Insurance Policy,487,345,116,16
Insurance Policy,645,345,116,16
Insurance,353,457,70,14
Policy Data,347,475,82,16
