source_text,source_type,relation_type,target_text,target_type
Policy,node,realization,Policy,node
Request,node,aggregation,Policy,node
Customer File,node,aggregation,Customer File,node
Claim Form,node,access,Claim Form,node
Insurance,application_component,realization,Insurance,application_component
Insurance,application_component,aggregation,Insurance,application_component
Insurance,application_component,realization,Insurance,application_component
Insurance Policy,node,association,Insurance Policy,node
Data,application_component,realization,Damage Claim,node
Data,application_component,serving,Insurance,application_component
Damage Claim,node,aggregation,Damage Claim,node
Customer File,node,assignment,Customer File,node
Insurance,application_component,aggregation,Policy,node
Request,node,association,Request,node
Data,application_component,serving,Customer File,node
Policy,node,realization,Policy,node
Request,node,association,Request,node
Damage Claim,node,aggregation,Damage Claim,node
Customer File,node,composition,Customer File,node
Data,application_component,realization,Insurance,application_component
