text,x,y,w,h
Database,54,15,73,20
File Service,201,17,78,16
Network,361,19,62,14
Archisurance,15,85,92,16
NAS File,213,131,56,16
Server,217,151,46,14
Mainframe,43,195,80,16
Intermediary,572,205,92,16
CICS,69,221,34,16
LAN,225,261,30,16
Firewall,355,265,56,16
BIBIT,491,259,34,18
Firewall,601,265,56,16
LAN 8,735,257,52,20
Admin,863,257,48,14
DBMS,65,271,42,16
Server,863,275,46,16
Messag,58,320,55,19
Server,207,405,42,16
Unix,165,421,32,16
Unix,265,421,32,16
Server,157,441,46,14
Server,257,441,46,14
