source_text,source_type,relation_type,target_text,target_type
Director of Operations,node,association,Director of Operations,node
Director of Operations,node,association,Director of Operations,node
Legal Aid,business_actor,association,Legal Aid,business_actor
Financa,business_actor,association,Financa,business_actor
Seles,business_actor,association,Seles,business_actor
Seles,business_actor,serving,Seles,business_actor
Homa,device,serving,Homa,device
Financa,business_actor,serving,Financa,business_actor
