source_text,source_type,relation_type,target_text,target_type
Claim,application_service,serving,Customer,business_process
Claims,application_service,serving,Customer,business_process
Premiu,application_service,serving,Premiu,application_service
Collect,business_process,realization,pnme,application_service
Custom,application_service,flow,Premium,business_process
Custom,application_service,flow,Inform,business_process
Interrnnt,application_service,realization,Payme,application_service
Close,business_process,realization,Payme,application_service
Claim,application_service,association,Claim,application_service
Customer,business_process,association,Customer,business_process
Inform,business_process,triggering,Inform,business_process
Customer,business_process,aggregation,Customer,business_process
Customer,business_process,triggering,Premium,business_process
Registrati,application_service,assignment,Claim,application_service
Premiu,application_service,assignment,Premiu,application_service
Custom,application_service,assignment,Custom,application_service
Premiu,application_service,association,Premiu,application_service
