source_text,source_type,relation_type,target_text,target_type
NAS File,device,realization,"Customer""",device
Business processes and internal actors,grouping,realization,Informati,grouping
Infrastructure,grouping,realization,Ficr,device
CRM System,application_component,realization,CIS,application_service
Financial,application_component,realization,Pam,application_service
data,application_service,realization,utaticn,application_service
Pay,business_process,realization,Payme,grouping
Valua,business_process,triggering,iHandle Claim,unknown
Pay,business_process,triggering,Pay,business_process
"Customer""",device,serving,Managemen,application_component
Claims,grouping,serving,Insuran,application_service
Insure,business_actor,association,Insure,business_actor
External Application Services,unknown,serving,Register,business_process
Insure,business_actor,flow,Pay,business_process
CIS,application_service,serving,CRM System,application_component
Insuran,application_service,association,Insuran,application_service
Accep,business_process,association,Accep,business_process
Insure,business_actor,serving,Pay,business_process
CIS,application_service,serving,CIS,application_service
External infrhstructure serices,unknown,association,External infrhstructure serices,unknown
Client,business_actor,flow,Client,business_actor
Customer,application_service,association,Customer,application_service
