text,x,y,w,h
External Roles and Actors,15,15,174,16
Insuran,249,63,52,14
Client,405,61,44,16
External Business Seryices,15,165,172,16
Claim,61,211,42,16
Customer,163,211,68,16
Claims,389,211,48,16
Registrat,51,231,62,16
Informati,165,231,66,14
Business processes and internal actors,15,325,260,18
role;,285,327,34,14
iHandle Claim,193,371,102,16
Insure,517,393,44,14
Archisuranc %,609,387,96,20
Register,53,401,58,18
Accep,173,401,48,16
Valua,279,401,44,16
External Application Services,15,505,200,18
Insuran,55,553,52,14
Customer,307,551,70,16
Premiul,571,551,62,16
data,323,571,38,14
Lnnlica,53,589,54,12
utaticn,324,587,49,16
Pam,572,588,43,14
Application Components and Services,15,655,266,18
CRM System,47,701,86,16
Policy Data,309,701,82,16
Financial,571,701,68,16
CIS,199,711,24,16
Claim,453,711,42,16
Managemen,302,719,95,21
InfcCc,451,729,44,14
Application,563,719,84,18
External infrhstructure serices,15,815,206,16
Claim,79,861,44,16
"Customer""",463,861,68,16
Ficr,86,882,26,8
Infrastructure,13,965,92,16
Mainframe,53,1025,80,16
CICS,79,1051,34,16
Server,279,1075,40,16
NAS File,467,1081,56,16
Unix,235,1091,32,16
Unix,335,1091,32,16
DBMS,75,1101,42,16
Server,473,1101,46,14
Server,227,1111,46,14
Server,327,1111,46,14
Messag,68,1150,55,19
Payme,384,227,55,23
Pay,394,399,34,21
