text,x,y,w,h
Customer,359,17,68,16
Claim,201,125,44,16
Custome,361,125,62,16
Claims,717,127,48,14
Registrati,189,145,66,18
Paym,719,145,44,16
Handle Claim,431,247,98,16
Insuran,35,271,52,16
Register,193,267,56,18
Accept,363,269,54,16
Valuate,541,267,58,16
Close Contract,429,389,106,14
Formalise,207,417,66,16
Create,473,417,50,16
Check and (D,701,413,98,20
Request,211,437,60,16
Contract,465,437,64,16
Sign,727,437,32,18
Ontract,720,458,50,8
Claim,219,547,44,16
Policy,719,547,44,18
InfoServ,211,567,58,16
Creation,709,567,64,16
Cenjice,715,585,48,12
Pay,724,265,32,20
