source_text,source_type,relation_type,target_text,target_type
Pay,business_process,realization,Paym,business_process
Insuran,business_process,realization,Insuran,business_process
Register,business_process,realization,Registrati,business_process
Accept,business_process,realization,Custome,business_process
Claim,application_service,serving,Request,business_process
Valuate,business_process,triggering,Sign,business_process
Policy,application_service,serving,Sign,business_process
Register,business_process,triggering,Accept,business_process
Contract,business_process,serving,Contract,business_process
Claim,application_service,serving,Custome,business_process
Handle Claim,business_process,triggering,Handle Claim,business_process
Close Contract,business_process,triggering,Contract,business_process
Close Contract,business_process,association,Close Contract,business_process
Create,business_process,association,Create,business_process
Insuran,business_process,association,Insuran,business_process
Customer,business_role,flow,Customer,business_role
Claim,application_service,association,Claim,application_service
Insuran,business_process,triggering,Register,business_process
Handle Claim,business_process,association,Handle Claim,business_process
Sign,business_process,flow,Ontract,business_process
Valuate,business_process,association,Valuate,business_process
Register,business_process,association,Register,business_process
Custome,business_process,aggregation,Custome,business_process
Create,business_process,triggering,Create,business_process
Customer,business_role,triggering,Customer,business_role
Register,business_process,flow,Register,business_process
Valuate,business_process,flow,Handle Claim,business_process
Request,business_process,assignment,Request,business_process
Sign,business_process,assignment,Ontract,business_process
