text,x,y,w,h
Goal and Principle View,409,29,192,20
Layer,41,113,48,18
Business Product View,407,109,172,20
Service,903,111,60,18
ed,53,135,24,16
Realisati,899,131,70,20
View,45,155,40,18
on View,901,155,66,18
Information Structure,159,177,168,20
Business Function View,405,177,176,20
Organisation Structure,650,176,178,24
View,225,201,40,18
Business Process View,409,269,166,18
Organisation Tree,647,265,141,25
Application Behaviour %=,402,352,200,28
Application Structure &=,654,352,196,28
Viewv,473,381,40,16
View,719,381,42,16
Technical Infrastructure View,377,537,228,20
View,716,198,46,24
View,786,266,44,24
